id;name;suhu;kelembaban;cahaya;keran;date
1365;syarif;28;95;00.29;50.95;04/08/20 10.30
1366;syarif;28;95;00.29;50.95;04/08/20 10.30
1367;syarif;28;95;00.29;50.95;04/08/20 10.30
1368;syarif;28;95;00.25;48.47.00;04/08/20 10.31
1369;syarif;28;95;00.25;48.47.00;04/08/20 10.31
1370;syarif;28;95;00.34;52.04.00;04/08/20 10.31
1371;syarif;28;95;00.39;52.35.00;04/08/20 10.31
1372;syarif;28;95;00.39;52.35.00;04/08/20 10.32
1373;syarif;28;95;00.29;50.95;04/08/20 10.32
1374;syarif;28;95;00.34;52.04.00;04/08/20 10.32
1375;syarif;28;95;00.29;50.95;04/08/20 10.32
1376;syarif;28;95;00.39;52.35.00;04/08/20 10.33
1377;syarif;28;95;00.29;50.95;04/08/20 10.33
1378;syarif;28;95;00.39;52.35.00;04/08/20 10.33
1379;syarif;28;95;00.39;52.35.00;04/08/20 10.33
1380;syarif;28;95;00.29;50.95;04/08/20 10.34
1381;syarif;28;95;00.29;50.95;04/08/20 10.34
1382;syarif;28;95;00.29;50.95;04/08/20 10.34
1383;syarif;28;95;00.29;50.95;04/08/20 10.35
1384;syarif;28;95;00.34;52.04.00;04/08/20 10.35
1385;syarif;28;95;00.39;52.35.00;04/08/20 10.35
1386;syarif;28;95;00.34;52.04.00;04/08/20 10.35
1387;syarif;28;95;00.39;52.35.00;04/08/20 10.36
1388;syarif;28;95;00.34;52.04.00;04/08/20 10.36
1389;syarif;28;95;00.34;52.04.00;04/08/20 10.36
1390;syarif;28;95;00.34;52.04.00;04/08/20 10.36
1391;syarif;28;95;00.29;50.95;04/08/20 10.37
1392;syarif;28;95;00.39;52.35.00;04/08/20 10.37
1393;syarif;28;95;00.34;52.04.00;04/08/20 10.37
1394;syarif;28;95;00.39;52.35.00;04/08/20 10.37
1395;syarif;28;95;00.29;50.95;04/08/20 10.38
1396;syarif;28;95;00.29;50.95;04/08/20 10.38
1397;syarif;28;95;00.29;50.95;04/08/20 10.38
1398;syarif;28;95;00.29;50.95;04/08/20 10.38
1399;syarif;28;95;00.39;52.35.00;04/08/20 10.39
1400;syarif;28;95;00.39;52.35.00;04/08/20 10.39
1401;syarif;28;95;00.29;50.95;04/08/20 10.39
1402;syarif;28;95;00.29;50.95;04/08/20 10.39
1403;syarif;28;95;00.39;52.35.00;04/08/20 10.40
1404;syarif;28;95;00.29;50.95;04/08/20 10.40
1405;syarif;28;95;00.34;52.04.00;04/08/20 10.40
1406;syarif;28;95;00.39;52.35.00;04/08/20 10.40
1407;syarif;28;95;00.29;50.95;04/08/20 10.41
1408;syarif;28;95;00.34;52.04.00;04/08/20 10.41
1409;syarif;28;95;00.39;52.35.00;04/08/20 10.41
1410;syarif;28;95;00.39;52.35.00;04/08/20 10.41
1411;syarif;28;95;00.34;52.04.00;04/08/20 10.42
1412;syarif;28;95;00.39;52.35.00;04/08/20 10.42
1413;syarif;28;95;00.39;52.35.00;04/08/20 10.42
1414;syarif;28;95;00.39;52.35.00;04/08/20 10.42
1415;syarif;28;95;00.02;45.79;04/08/20 10.43
1416;syarif;28;95;00.29;50.95;04/08/20 10.43
1417;syarif;27;95;00.39;50.08.00;04/08/20 10.43
1418;syarif;28;95;00.39;52.35.00;04/08/20 10.44
1419;syarif;28;95;00.39;52.35.00;04/08/20 10.44
1420;syarif;28;95;00.39;52.35.00;04/08/20 10.44
1421;syarif;28;95;00.39;52.35.00;04/08/20 10.44
1422;syarif;28;95;00.34;52.04.00;04/08/20 10.45
1423;syarif;28;95;00.29;50.95;04/08/20 10.45
1424;syarif;28;95;00.39;52.35.00;04/08/20 10.45
1425;syarif;28;95;00.39;52.35.00;04/08/20 10.45
1426;syarif;28;95;00.34;52.04.00;04/08/20 10.46
1427;syarif;28;95;00.39;52.35.00;04/08/20 10.46
1428;syarif;28;95;00.29;50.95;04/08/20 10.46
1429;syarif;28;95;00.39;52.35.00;04/08/20 10.46
1430;syarif;28;95;00.39;52.35.00;04/08/20 10.47
1431;syarif;28;95;00.39;52.35.00;04/08/20 10.47
1432;syarif;28;95;00.34;52.04.00;04/08/20 10.47
1433;syarif;28;95;00.39;52.35.00;04/08/20 10.47
1434;syarif;28;95;00.29;50.95;04/08/20 10.48
1435;syarif;28;95;00.29;50.95;04/08/20 10.48
1436;syarif;28;95;00.39;52.35.00;04/08/20 10.48
1437;syarif;28;95;00.39;52.35.00;04/08/20 10.48
1438;syarif;28;95;00.34;52.04.00;04/08/20 10.49
1439;syarif;28;95;00.39;52.35.00;04/08/20 10.49
1440;syarif;28;95;00.39;52.35.00;04/08/20 10.49
1441;syarif;28;95;00.39;52.35.00;04/08/20 10.49
1442;syarif;28;95;00.39;52.35.00;04/08/20 10.50
1443;syarif;28;95;00.34;52.04.00;04/08/20 10.50
1444;syarif;28;95;00.34;52.04.00;04/08/20 10.50
1445;syarif;28;95;00.34;52.04.00;04/08/20 10.50
1446;syarif;28;95;00.39;52.35.00;04/08/20 10.51
1447;syarif;28;95;00.39;52.35.00;04/08/20 10.51
1448;syarif;28;95;00.39;52.35.00;04/08/20 10.51
1449;syarif;28;95;00.39;52.35.00;04/08/20 10.52
1450;syarif;28;95;00.29;50.95;04/08/20 10.52
1451;syarif;28;95;00.25;48.47.00;04/08/20 10.52
1452;syarif;28;95;00.29;50.95;04/08/20 10.52
1453;syarif;28;95;00.39;52.35.00;04/08/20 10.53
1454;syarif;28;95;00.39;52.35.00;04/08/20 10.53
1455;syarif;28;95;00.29;50.95;04/08/20 10.53
1456;syarif;28;95;00.34;52.04.00;04/08/20 10.53
1457;syarif;28;95;00.34;52.04.00;04/08/20 10.54
1458;syarif;27;95;00.34;50.07.00;04/08/20 10.54
1459;syarif;27;95;00.34;50.07.00;04/08/20 10.54
1460;syarif;27;95;00.29;51.32.00;04/08/20 10.54
1461;syarif;27;95;00.34;50.07.00;04/08/20 10.55
1462;syarif;28;95;00.29;50.95;04/08/20 10.55
1463;syarif;28;95;00.39;52.35.00;04/08/20 10.55
1464;syarif;28;95;00.39;52.35.00;04/08/20 10.55
1465;syarif;28;95;00.39;52.35.00;04/08/20 10.56
1466;syarif;28;95;00.34;52.04.00;04/08/20 10.56
1467;syarif;28;95;00.39;52.35.00;04/08/20 10.56
1468;syarif;28;95;00.39;52.35.00;04/08/20 10.56
1469;syarif;28;95;00.39;52.35.00;04/08/20 10.57
1470;syarif;28;95;00.39;52.35.00;04/08/20 10.57
1471;syarif;28;95;00.34;52.04.00;04/08/20 10.57
1472;syarif;28;95;00.34;52.04.00;04/08/20 10.57
1473;syarif;28;95;00.39;52.35.00;04/08/20 10.58
1474;syarif;28;95;00.39;52.35.00;04/08/20 10.58
1475;syarif;28;95;00.39;52.35.00;04/08/20 10.58
1476;syarif;28;95;00.34;52.04.00;04/08/20 10.58
1477;syarif;28;95;00.39;52.35.00;04/08/20 10.59
1478;syarif;28;95;00.39;52.35.00;04/08/20 10.59
1479;syarif;28;95;00.39;52.35.00;04/08/20 10.59
1480;syarif;28;95;00.34;52.04.00;04/08/20 10.59
1481;syarif;28;95;00.34;52.04.00;04/08/20 11.00
1482;syarif;28;95;00.29;50.95;04/08/20 11.00
1483;syarif;28;95;00.39;52.35.00;04/08/20 11.00
1484;syarif;28;95;00.39;52.35.00;04/08/20 11.01
1485;syarif;28;95;00.34;52.04.00;04/08/20 11.01
1486;syarif;28;95;00.34;52.04.00;04/08/20 11.01
1487;syarif;28;95;00.39;52.35.00;04/08/20 11.01
1488;syarif;28;95;00.34;52.04.00;04/08/20 11.02
1489;syarif;28;95;00.39;52.35.00;04/08/20 11.02
1490;syarif;28;95;00.39;52.35.00;04/08/20 11.02
1491;syarif;28;95;00.34;52.04.00;04/08/20 11.02
1492;syarif;28;95;00.44;51.66;04/08/20 11.03
1493;syarif;28;95;00.39;52.35.00;04/08/20 11.03
1494;syarif;28;95;00.34;52.04.00;04/08/20 11.03
1495;syarif;28;95;00.39;52.35.00;04/08/20 11.03
1496;syarif;28;95;00.34;52.04.00;04/08/20 11.04
1497;syarif;28;95;00.39;52.35.00;04/08/20 11.04
1498;syarif;28;95;00.44;51.66;04/08/20 11.04
1499;syarif;28;95;00.39;52.35.00;04/08/20 11.04
1500;syarif;28;95;00.39;52.35.00;04/08/20 11.05
1501;syarif;28;95;00.34;52.04.00;04/08/20 11.05
1502;syarif;28;95;00.34;52.04.00;04/08/20 11.05
1503;syarif;28;95;00.34;52.04.00;04/08/20 11.05
1504;syarif;28;95;00.34;52.04.00;04/08/20 11.06
1505;syarif;28;95;00.29;50.95;04/08/20 11.06
1506;syarif;28;95;00.39;52.35.00;04/08/20 11.06
1507;syarif;28;95;00.34;52.04.00;04/08/20 11.06
1508;syarif;28;95;00.34;52.04.00;04/08/20 11.07
1509;syarif;28;95;0,044444444;46.04.00;04/08/20 11.07
1510;syarif;28;95;0,044444444;46.04.00;04/08/20 11.07
1511;syarif;28;95;00.59;47.56.00;04/08/20 11.08
1512;syarif;28;95;0,044444444;46.04.00;04/08/20 11.08
1513;syarif;28;95;00.59;47.56.00;04/08/20 11.08
1514;syarif;28;95;00.49;50.53.00;04/08/20 11.08
1515;syarif;28;95;00.59;47.56.00;04/08/20 11.09
1516;syarif;28;95;0,044444444;46.04.00;04/08/20 11.09
1517;syarif;28;95;00.59;47.56.00;04/08/20 11.09
1518;syarif;28;95;00.49;50.53.00;04/08/20 11.09
1519;syarif;28;95;0,044444444;46.04.00;04/08/20 11.10
1520;syarif;28;95;0,044444444;46.04.00;04/08/20 11.10
1521;syarif;28;95;00.49;50.53.00;04/08/20 11.10
1522;syarif;28;95;00.59;47.56.00;04/08/20 11.10
1523;syarif;28;95;0,044444444;46.04.00;04/08/20 11.11
1524;syarif;28;95;0,044444444;46.04.00;04/08/20 11.11
1525;syarif;28;95;0,044444444;46.04.00;04/08/20 11.11
1526;syarif;28;95;0,044444444;46.04.00;04/08/20 11.11
1527;syarif;28;95;0,044444444;46.04.00;04/08/20 11.12
1528;syarif;28;95;00.59;47.56.00;04/08/20 11.12
1529;syarif;28;95;0,044444444;46.04.00;04/08/20 11.12
1530;syarif;28;95;00.59;47.56.00;04/08/20 11.12
1531;syarif;28;95;00.49;50.53.00;04/08/20 11.13
1532;syarif;28;95;00.59;47.56.00;04/08/20 11.13
1533;syarif;28;95;00.59;47.56.00;04/08/20 11.13
1534;syarif;28;95;00.59;47.56.00;04/08/20 11.13
1535;syarif;28;95;0,044444444;46.04.00;04/08/20 11.14
1536;syarif;27;95;00.59;48.88;04/08/20 11.14
1537;syarif;27;95;0,044444444;46.84;04/08/20 11.14
1538;syarif;28;95;0,044444444;46.04.00;04/08/20 11.14
1539;syarif;27;95;0,044444444;46.84;04/08/20 11.15
1540;syarif;28;95;00.49;50.53.00;04/08/20 11.15
1541;syarif;27;95;0,044444444;46.84;04/08/20 11.15
1542;syarif;27;95;0,044444444;46.84;04/08/20 11.15
1543;syarif;27;95;0,044444444;46.84;04/08/20 11.16
1544;syarif;27;95;0,044444444;46.84;04/08/20 11.16
1545;syarif;27;95;00.49;51.19.00;04/08/20 11.16
1546;syarif;27;95;00.49;51.19.00;04/08/20 11.17
1547;syarif;27;95;0,044444444;46.84;04/08/20 11.17
1548;syarif;27;95;0,044444444;46.84;04/08/20 11.17
1549;syarif;27;95;00.59;48.88;04/08/20 11.17
1550;syarif;27;95;00.59;48.88;04/08/20 11.18
1551;syarif;27;95;0,044444444;46.84;04/08/20 11.18
1552;syarif;27;95;0,044444444;46.84;04/08/20 11.18
1553;syarif;27;95;00.59;48.88;04/08/20 11.18
1554;syarif;27;95;00.59;48.88;04/08/20 11.19
1555;syarif;27;95;00.59;48.88;04/08/20 11.19
1556;syarif;27;95;00.49;51.19.00;04/08/20 11.19
1557;syarif;27;95;00.59;48.88;04/08/20 11.19
1558;syarif;27;95;00.59;48.88;04/08/20 11.20
1559;syarif;27;95;0,044444444;46.84;04/08/20 11.20
1560;syarif;27;95;0,044444444;46.84;04/08/20 11.20
1561;syarif;27;95;00.49;51.19.00;04/08/20 11.20
1562;syarif;27;95;00.49;51.19.00;04/08/20 11.21
1563;syarif;27;95;00.59;48.88;04/08/20 11.21
1564;syarif;27;95;00.59;48.88;04/08/20 11.21
1565;syarif;27;95;00.59;48.88;04/08/20 11.21
1566;syarif;27;95;0,044444444;46.84;04/08/20 11.22
1567;syarif;27;95;0,044444444;46.84;04/08/20 11.22
1568;syarif;27;95;00.59;48.88;04/08/20 11.22
1569;syarif;27;95;00.59;48.88;04/08/20 11.22
1570;syarif;27;95;0,044444444;46.84;04/08/20 11.23
1571;syarif;27;95;00.59;48.88;04/08/20 11.23
1572;syarif;27;95;0,044444444;46.84;04/08/20 11.23
1573;syarif;27;95;00.59;48.88;04/08/20 11.24
1574;syarif;27;95;00.59;48.88;04/08/20 11.24
1575;syarif;27;95;00.59;48.88;04/08/20 11.24
1576;syarif;27;95;0,044444444;46.84;04/08/20 11.24
1577;syarif;27;95;0,044444444;46.84;04/08/20 11.25
1578;syarif;27;95;00.59;48.88;04/08/20 11.25
1579;syarif;27;95;00.59;48.88;04/08/20 11.25
1580;syarif;27;95;00.59;48.88;04/08/20 11.25
1581;syarif;28;95;0,044444444;46.04.00;04/08/20 11.26
1582;syarif;28;95;0,044444444;46.04.00;04/08/20 11.26
1583;syarif;28;95;0,044444444;46.04.00;04/08/20 11.26
1584;syarif;28;95;00.59;47.56.00;04/08/20 11.26
1585;syarif;28;95;0,044444444;46.04.00;04/08/20 11.27
1586;syarif;28;95;0,044444444;46.04.00;04/08/20 11.27
1587;syarif;28;95;0,044444444;46.04.00;04/08/20 11.27
1588;syarif;28;95;00.49;50.53.00;04/08/20 11.27
1589;syarif;28;95;00.49;50.53.00;04/08/20 11.28
1590;syarif;28;95;00.39;52.35.00;04/08/20 11.28
1591;syarif;28;95;00.34;52.04.00;04/08/20 11.28
1592;syarif;28;95;00.34;52.04.00;04/08/20 11.28
1593;syarif;28;95;00.34;52.04.00;04/08/20 11.29
1594;syarif;28;95;00.34;52.04.00;04/08/20 11.29
1595;syarif;28;95;00.34;52.04.00;04/08/20 11.29
1596;syarif;28;95;00.34;52.04.00;04/08/20 11.30
1597;syarif;28;95;00.29;50.95;04/08/20 11.30
1598;syarif;28;95;00.39;52.35.00;04/08/20 11.30
1599;syarif;28;95;00.34;52.04.00;04/08/20 11.30
1600;syarif;28;95;00.29;50.95;04/08/20 11.31
1601;syarif;28;95;00.39;52.35.00;04/08/20 11.31
1602;syarif;28;95;00.34;52.04.00;04/08/20 11.31
1603;syarif;28;95;00.29;50.95;04/08/20 11.31
1604;syarif;28;95;00.29;50.95;04/08/20 11.32
1605;syarif;28;95;00.34;52.04.00;04/08/20 11.32
1606;syarif;28;95;00.39;52.35.00;04/08/20 11.32
1607;syarif;28;95;00.39;52.35.00;04/08/20 11.32
1608;syarif;28;95;00.39;52.35.00;04/08/20 11.33
1609;syarif;28;95;00.34;52.04.00;04/08/20 11.33
1610;syarif;28;95;00.34;52.04.00;04/08/20 11.33
1611;syarif;28;95;00.39;52.35.00;04/08/20 11.33
1612;syarif;28;95;00.34;52.04.00;04/08/20 11.34
1613;syarif;28;95;00.34;52.04.00;04/08/20 11.34
1614;syarif;27;95;00.34;50.07.00;04/08/20 11.34
1615;syarif;27;95;00.34;50.07.00;04/08/20 11.34
1616;syarif;27;95;00.34;50.07.00;04/08/20 11.35
1617;syarif;27;95;00.34;50.07.00;04/08/20 11.35
1618;syarif;27;95;00.39;50.08.00;04/08/20 11.35
1619;syarif;27;95;00.39;50.08.00;04/08/20 11.35
1620;syarif;27;95;00.39;50.08.00;04/08/20 11.36
1621;syarif;27;95;00.39;50.08.00;04/08/20 11.36
1622;syarif;27;95;00.34;50.07.00;04/08/20 11.36
1623;syarif;27;95;00.39;50.08.00;04/08/20 11.36
1624;syarif;27;95;00.39;50.08.00;04/08/20 11.37
1625;syarif;27;95;00.34;50.07.00;04/08/20 11.37
1626;syarif;27;95;00.39;50.08.00;04/08/20 11.37
1627;syarif;27;95;00.39;50.08.00;04/08/20 11.38
1628;syarif;27;95;00.39;50.08.00;04/08/20 11.38
1629;syarif;27;95;00.25;49.81;04/08/20 11.38
1630;syarif;27;95;00.25;49.81;04/08/20 11.38
1631;syarif;27;95;00.29;51.32.00;04/08/20 11.39
1632;syarif;27;95;00.25;49.81;04/08/20 11.39
1633;syarif;27;95;00.34;50.07.00;04/08/20 11.39
1634;syarif;27;95;00.25;49.81;04/08/20 11.39
1635;syarif;27;95;00.25;49.81;04/08/20 11.40
1636;syarif;27;95;00.25;49.81;04/08/20 11.40
1637;syarif;27;95;00.25;49.81;04/08/20 11.40
1638;syarif;27;95;00.34;50.07.00;04/08/20 11.40
1639;syarif;27;95;00.29;51.32.00;04/08/20 11.41
1640;syarif;27;95;00.29;51.32.00;04/08/20 11.41
1641;syarif;27;95;00.34;50.07.00;04/08/20 11.41
1642;syarif;27;95;00.25;49.81;04/08/20 11.41
1643;syarif;27;95;00.25;49.81;04/08/20 11.42
1644;syarif;27;95;00.02;46.44.00;04/08/20 11.42
1645;syarif;27;95;00.29;51.32.00;04/08/20 11.42
1646;syarif;27;95;00.29;51.32.00;04/08/20 11.42
1647;syarif;27;95;00.02;46.44.00;04/08/20 11.43
1648;syarif;27;95;00.02;0;04/08/20 11.43
1649;syarif;27;95;00.25;0;04/08/20 11.43
1650;syarif;27;95;0,235416667;0;04/08/20 11.44
1651;syarif;27;95;04.07;0;04/08/20 11.44
1652;syarif;27;95;00.25;0;04/08/20 11.44
1653;syarif;27;95;00.25;0;04/08/20 11.44
1654;syarif;27;95;00.25;49.81;04/08/20 11.45
1655;syarif;27;95;00.02;46.44.00;04/08/20 11.45
1656;syarif;27;95;00.25;49.81;04/08/20 11.45
1657;syarif;27;95;00.02;46.44.00;04/08/20 11.46
1658;syarif;27;95;00.29;51.32.00;04/08/20 11.46
1659;syarif;27;95;00.02;46.44.00;04/08/20 11.46
1660;syarif;27;95;00.29;51.32.00;04/08/20 11.46
1661;syarif;27;95;00.25;49.81;04/08/20 11.47
1662;syarif;27;95;00.25;49.81;04/08/20 11.47
1663;syarif;27;95;00.29;51.32.00;04/08/20 11.47
1664;syarif;27;95;00.29;51.32.00;04/08/20 11.47
1665;syarif;27;95;00.34;50.07.00;04/08/20 11.48
1666;syarif;27;95;00.25;49.81;04/08/20 11.48
1667;syarif;27;95;00.34;50.07.00;04/08/20 11.48
1668;syarif;27;95;00.34;50.07.00;04/08/20 11.48
1669;syarif;27;95;00.34;50.07.00;04/08/20 11.49
1670;syarif;27;95;00.34;50.07.00;04/08/20 11.49
1671;syarif;27;95;00.39;50.08.00;04/08/20 11.49
1672;syarif;27;95;00.34;50.07.00;04/08/20 11.49
1673;syarif;27;95;00.34;50.07.00;04/08/20 11.50
1674;syarif;27;95;00.34;50.07.00;04/08/20 11.50
1675;syarif;27;95;00.34;50.07.00;04/08/20 11.50
1676;syarif;27;95;00.34;50.07.00;04/08/20 11.50
1677;syarif;27;95;00.34;50.07.00;04/08/20 11.51
1678;syarif;27;95;00.29;51.32.00;04/08/20 11.51
1679;syarif;27;95;00.34;50.07.00;04/08/20 11.51
1680;syarif;27;95;00.29;51.32.00;04/08/20 11.52
1681;syarif;27;95;00.29;51.32.00;04/08/20 11.52
1682;syarif;27;95;00.29;51.32.00;04/08/20 11.52
1683;syarif;27;95;00.29;51.32.00;04/08/20 11.52
1684;syarif;27;95;00.25;49.81;04/08/20 11.53
1685;syarif;27;95;00.29;51.32.00;04/08/20 11.53
1686;syarif;27;95;00.29;51.32.00;04/08/20 11.53
1687;syarif;27;95;00.29;51.32.00;04/08/20 11.53
1688;syarif;27;95;00.29;51.32.00;04/08/20 11.54
1689;syarif;27;95;00.29;51.32.00;04/08/20 11.54
1690;syarif;27;95;00.29;51.32.00;04/08/20 11.54
1691;syarif;27;95;00.29;51.32.00;04/08/20 11.54
1692;syarif;27;95;00.29;51.32.00;04/08/20 11.55
1693;syarif;27;95;00.34;50.07.00;04/08/20 11.55
1694;syarif;27;95;00.34;50.07.00;04/08/20 11.55
1695;syarif;27;95;00.29;51.32.00;04/08/20 11.55
1696;syarif;27;95;00.34;50.07.00;04/08/20 11.56
1697;syarif;27;95;00.29;51.32.00;04/08/20 11.56
1698;syarif;27;95;00.34;50.07.00;04/08/20 11.56
1699;syarif;27;95;00.34;50.07.00;04/08/20 11.56
1700;syarif;27;95;00.29;51.32.00;04/08/20 11.57
1701;syarif;27;95;00.25;49.81;04/08/20 11.57
1702;syarif;27;95;00.29;51.32.00;04/08/20 11.57
1703;syarif;27;95;00.34;50.07.00;04/08/20 11.57
1704;syarif;27;95;00.34;50.07.00;04/08/20 11.58
1705;syarif;27;95;00.29;51.32.00;04/08/20 11.58
1706;syarif;27;95;00.29;51.32.00;04/08/20 11.58
1707;syarif;27;95;00.34;50.07.00;04/08/20 11.58
1708;syarif;27;95;00.29;51.32.00;04/08/20 11.59
1709;syarif;27;95;00.29;51.32.00;04/08/20 11.59
1710;syarif;27;95;00.25;49.81;04/08/20 11.59
1711;syarif;27;95;00.34;50.07.00;04/08/20 12.00
1712;syarif;27;95;00.34;50.07.00;04/08/20 12.00
1713;syarif;27;95;00.39;50.08.00;04/08/20 12.00
1714;syarif;27;95;00.34;50.07.00;04/08/20 12.00
1715;syarif;27;95;00.34;50.07.00;04/08/20 12.01
1716;syarif;27;95;00.39;50.08.00;04/08/20 12.01
1717;syarif;27;95;00.39;50.08.00;04/08/20 12.01
1718;syarif;27;95;00.34;50.07.00;04/08/20 12.01
1719;syarif;27;95;00.34;50.07.00;04/08/20 12.02
1720;syarif;27;95;00.29;51.32.00;04/08/20 12.02
1721;syarif;27;95;00.34;50.07.00;04/08/20 12.02
1722;syarif;27;95;00.29;51.32.00;04/08/20 12.02
1723;syarif;27;95;00.34;50.07.00;04/08/20 12.03
1724;syarif;27;95;00.34;50.07.00;04/08/20 12.03
1725;syarif;27;95;00.39;50.08.00;04/08/20 12.03
1726;syarif;27;95;00.34;50.07.00;04/08/20 12.03
1727;syarif;27;95;00.34;50.07.00;04/08/20 12.04
1728;syarif;27;95;00.29;51.32.00;04/08/20 12.04
1729;syarif;27;95;00.29;51.32.00;04/08/20 12.04
1730;syarif;27;95;00.29;51.32.00;04/08/20 12.04
1731;syarif;27;95;00.39;50.08.00;04/08/20 12.05
1732;syarif;27;95;00.29;51.32.00;04/08/20 12.05
1733;syarif;27;95;00.29;51.32.00;04/08/20 12.05
1734;syarif;27;95;00.29;51.32.00;04/08/20 12.05
1735;syarif;27;95;00.29;51.32.00;04/08/20 12.06
1736;syarif;27;95;00.39;50.08.00;04/08/20 12.06
1737;syarif;27;95;00.29;51.32.00;04/08/20 12.06
1738;syarif;27;95;00.34;50.07.00;04/08/20 12.06
1739;syarif;27;95;00.39;50.08.00;04/08/20 12.07
1740;syarif;27;95;00.34;50.07.00;04/08/20 12.07
1741;syarif;27;95;00.39;50.08.00;04/08/20 12.07
1742;syarif;27;95;00.39;50.08.00;04/08/20 12.07
1743;syarif;27;95;00.39;50.08.00;04/08/20 12.08
1744;syarif;27;95;00.39;50.08.00;04/08/20 12.08
1745;syarif;27;95;00.29;51.32.00;04/08/20 12.08
1746;syarif;27;95;00.29;51.32.00;04/08/20 12.09
1747;syarif;27;95;00.34;50.07.00;04/08/20 12.09
1748;syarif;27;95;00.29;51.32.00;04/08/20 12.09
1749;syarif;27;95;00.39;50.08.00;04/08/20 12.09
1750;syarif;27;95;00.34;50.07.00;04/08/20 12.10
1751;syarif;27;95;00.39;50.08.00;04/08/20 12.10
1752;syarif;27;95;00.29;51.32.00;04/08/20 12.10
1753;syarif;27;95;00.29;51.32.00;04/08/20 12.10
1754;syarif;27;95;00.29;51.32.00;04/08/20 12.11
1755;syarif;27;95;00.39;50.08.00;04/08/20 12.11
1756;syarif;27;95;00.34;50.07.00;04/08/20 12.11
1757;syarif;27;95;00.29;51.32.00;04/08/20 12.11
1758;syarif;27;95;00.34;50.07.00;04/08/20 12.12
1759;syarif;27;95;00.39;50.08.00;04/08/20 12.12
1760;syarif;27;95;00.39;50.08.00;04/08/20 12.12
1761;syarif;27;95;00.29;51.32.00;04/08/20 12.12
1762;syarif;27;95;00.44;51.35.00;04/08/20 12.13
1763;syarif;27;95;00.39;50.08.00;04/08/20 12.13
1764;syarif;27;95;00.29;51.32.00;04/08/20 12.13
1765;syarif;27;95;00.34;50.07.00;04/08/20 12.13
1766;syarif;27;95;00.39;50.08.00;04/08/20 12.14
1767;syarif;27;95;00.29;51.32.00;04/08/20 12.14
1768;syarif;27;95;00.39;50.08.00;04/08/20 12.14
1769;syarif;27;95;00.39;50.08.00;04/08/20 12.14
1770;syarif;27;95;00.29;51.32.00;04/08/20 12.15
1771;syarif;27;95;00.39;50.08.00;04/08/20 12.15
1772;syarif;27;95;00.29;51.32.00;04/08/20 12.15
1773;syarif;27;95;00.39;50.08.00;04/08/20 12.15
1774;syarif;27;95;00.34;50.07.00;04/08/20 12.16
1775;syarif;27;95;00.29;51.32.00;04/08/20 12.16
1776;syarif;27;95;00.29;51.32.00;04/08/20 12.16
1777;syarif;27;95;00.29;51.32.00;04/08/20 12.17
1778;syarif;27;95;00.39;50.08.00;04/08/20 12.17
1779;syarif;27;95;00.29;51.32.00;04/08/20 12.17
1780;syarif;27;95;00.39;50.08.00;04/08/20 12.17
1781;syarif;27;95;00.29;51.32.00;04/08/20 12.18
1782;syarif;27;95;00.29;51.32.00;04/08/20 12.18
1783;syarif;27;95;00.29;51.32.00;04/08/20 12.18
1784;syarif;27;95;00.39;50.08.00;04/08/20 12.18
1785;syarif;27;95;00.29;51.32.00;04/08/20 12.19
1786;syarif;27;95;00.29;51.32.00;04/08/20 12.19
1787;syarif;27;95;00.29;51.32.00;04/08/20 12.19
1788;syarif;27;95;00.29;51.32.00;04/08/20 12.19
1789;syarif;27;95;00.39;50.08.00;04/08/20 12.20
1790;syarif;27;95;00.39;50.08.00;04/08/20 12.20
1791;syarif;27;95;00.39;50.08.00;04/08/20 12.20
1792;syarif;27;95;00.29;51.32.00;04/08/20 12.20
1793;syarif;27;95;00.39;50.08.00;04/08/20 12.21
1794;syarif;27;95;00.29;51.32.00;04/08/20 12.21
1795;syarif;27;95;00.39;50.08.00;04/08/20 12.21
1796;syarif;27;95;00.29;51.32.00;04/08/20 12.21
1797;syarif;27;95;00.39;50.08.00;04/08/20 12.22
1798;syarif;27;95;00.29;51.32.00;04/08/20 12.22
1799;syarif;27;95;00.39;50.08.00;04/08/20 12.22
1800;syarif;27;95;00.29;51.32.00;04/08/20 12.22
1801;syarif;27;95;00.39;50.08.00;04/08/20 12.23
1802;syarif;27;95;00.29;51.32.00;04/08/20 12.23
1803;syarif;27;95;00.39;50.08.00;04/08/20 12.23
1804;syarif;26;95;00.39;52.35.00;04/08/20 12.23
1805;syarif;27;95;00.39;50.08.00;04/08/20 12.24
1806;syarif;26;95;00.39;52.35.00;04/08/20 12.24
1807;syarif;26;95;00.34;45.42.00;04/08/20 12.24
1808;syarif;26;95;00.34;45.42.00;04/08/20 12.24
1809;syarif;26;95;00.39;52.35.00;04/08/20 12.25
1810;syarif;26;95;00.29;45.28.00;04/08/20 12.25
1811;syarif;26;95;00.29;45.28.00;04/08/20 12.25
1812;syarif;26;95;00.29;45.28.00;04/08/20 12.26
1813;syarif;26;95;00.34;45.42.00;04/08/20 12.26
1814;syarif;26;95;00.39;52.35.00;04/08/20 12.26
1815;syarif;27;95;00.39;50.08.00;04/08/20 12.26
1816;syarif;27;95;00.34;50.07.00;04/08/20 12.26
1817;syarif;27;95;00.39;50.08.00;04/08/20 12.27
1818;syarif;27;95;00.29;51.32.00;04/08/20 12.27
1819;syarif;27;95;00.39;50.08.00;04/08/20 12.27
1820;syarif;26;95;00.29;45.28.00;04/08/20 12.27
1821;syarif;26;95;00.39;52.35.00;04/08/20 12.28
1822;syarif;26;95;00.34;45.42.00;04/08/20 12.28
1823;syarif;27;95;00.29;51.32.00;04/08/20 12.28
1824;syarif;26;95;00.34;45.42.00;04/08/20 12.28
1825;syarif;27;95;00.39;50.08.00;04/08/20 12.29
1826;syarif;27;95;00.29;51.32.00;04/08/20 12.29
1827;syarif;27;95;00.29;51.32.00;04/08/20 12.29
1828;syarif;27;95;00.39;50.08.00;04/08/20 12.30
1829;syarif;27;95;00.39;50.08.00;04/08/20 12.30
1830;syarif;26;95;00.39;52.35.00;04/08/20 12.30
1831;syarif;26;95;00.39;52.35.00;04/08/20 12.30
1832;syarif;26;95;00.29;45.28.00;04/08/20 12.31
1833;syarif;26;95;00.39;52.35.00;04/08/20 12.31
1834;syarif;27;95;00.39;50.08.00;04/08/20 12.31
1835;syarif;26;95;00.39;52.35.00;04/08/20 12.31
1836;syarif;26;95;00.39;52.35.00;04/08/20 12.32
1837;syarif;26;95;00.39;52.35.00;04/08/20 12.32
1838;syarif;26;95;00.39;52.35.00;04/08/20 12.32
1839;syarif;26;95;00.34;45.42.00;04/08/20 12.32
1840;syarif;26;95;00.34;45.42.00;04/08/20 12.33
1841;syarif;26;95;00.34;0;04/08/20 12.33
1842;syarif;26;95;00.29;0;04/08/20 12.33
1843;syarif;26;95;00.29;0;04/08/20 12.33
1844;syarif;26;95;00.34;0;04/08/20 12.34
1845;syarif;26;95;00.34;0;04/08/20 12.34
1846;syarif;27;95;00.34;0;04/08/20 12.34
1847;syarif;27;95;00.34;0;04/08/20 12.34
1848;syarif;27;95;00.34;0;04/08/20 12.35
1849;syarif;27;95;00.34;0;04/08/20 12.35
1850;syarif;27;95;00.34;0;04/08/20 12.35
1851;syarif;27;95;00.34;0;04/08/20 12.35
1852;syarif;27;95;00.34;0;04/08/20 12.36
1853;syarif;27;95;00.34;0;04/08/20 12.36
1854;syarif;27;95;00.34;0;04/08/20 12.36
1855;syarif;27;95;00.29;0;04/08/20 12.37
1856;syarif;27;95;00.34;0;04/08/20 12.37
1857;syarif;27;95;00.34;0;04/08/20 12.37
1858;syarif;27;95;00.34;0;04/08/20 12.37
1859;syarif;27;95;00.34;0;04/08/20 12.38
1860;syarif;27;95;00.34;0;04/08/20 12.38
1861;syarif;27;95;00.34;0;04/08/20 12.38
1862;syarif;27;95;00.34;0;04/08/20 12.38
1863;syarif;27;95;00.34;0;04/08/20 12.39
1864;syarif;27;95;00.34;0;04/08/20 12.39
1865;syarif;27;95;00.34;0;04/08/20 12.39
1866;syarif;27;95;00.34;0;04/08/20 12.39
1867;syarif;27;95;00.34;0;04/08/20 12.40
1868;syarif;27;95;00.34;0;04/08/20 12.40
1869;syarif;27;95;00.34;0;04/08/20 12.40
1870;syarif;27;95;00.34;0;04/08/20 12.40
1871;syarif;27;95;00.34;0;04/08/20 12.41
1872;syarif;27;95;00.34;0;04/08/20 12.41
1873;syarif;27;95;00.29;0;04/08/20 12.41
1874;syarif;27;95;00.34;0;04/08/20 12.41
1875;syarif;27;95;00.34;0;04/08/20 12.42
1876;syarif;27;95;00.34;0;04/08/20 12.42